Date ,OPEN ,HIGH ,LOW ,close ,VOLUME 
18/07/2022,1450,1493.6,1448.05,1489.9,5835171
19/07/2022,1471.55,1486.85,1470.1,1484.15,3418540
20/07/2022,1501.25,1525.8,1500,1515.3,5079392
21/07/2022,1517,1535.45,1503.1,1532.9,5008061
22/07/2022,1534,1540,1492.15,1506.3,7020642
25/07/2022,1480.1,1517.15,1480.1,1503.6,7859626
26/07/2022,1496.65,1496.65,1445,1451.15,7268273
27/07/2022,1451,1473,1445,1471.05,4517285
28/07/2022,1496.4,1524.45,1489.85,1517.4,6636841
29/07/2022,1532.8,1555.7,1528,1549.7,7009465
01/08/2022,1564,1564,1537.9,1551.05,2983249
02/08/2022,1546.55,1547,1528.35,1543.6,4374635
03/08/2022,1549,1570,1539.9,1566.1,6011955
04/08/2022,1587.5,1603.85,1574.95,1599.9,7402209
05/08/2022,1608.4,1625.7,1602.3,1616.65,5361971
08/08/2022,1617,1622,1596,1619.4,3763409
10/08/2022,1621.2,1621.2,1588.1,1602.45,4423829
11/08/2022,1630,1631.35,1616,1619.95,3462090
12/08/2022,1613.3,1614,1590.15,1594.1,3562286
16/08/2022,1609,1609,1591.1,1596.45,3004430
17/08/2022,1596.45,1612,1585,1606.25,4067324
18/08/2022,1594.1,1598.2,1574,1582.95,4635706
19/08/2022,1585.3,1604.9,1585.1,1597.1,4739884
22/08/2022,1586,1599,1574,1575.65,3950555
23/08/2022,1548,1554.5,1533,1542.4,5551574
24/08/2022,1535,1546,1531,1537.5,2888426
25/08/2022,1548,1548.7,1513.75,1518.15,4331088
26/08/2022,1535.15,1544.95,1517.45,1521.55,3079136
29/08/2022,1468.55,1468.55,1450,1461.75,8079050
30/08/2022,1473.1,1496.1,1466,1492.95,6725875
01/09/2022,1460.05,1468.1,1451.05,1464.2,8140604
02/09/2022,1478,1478,1448,1453,5175653
05/09/2022,1451,1467,1446.35,1461.3,3669352
06/09/2022,1461.3,1470,1445.45,1455.1,3428442
07/09/2022,1440,1465.75,1438.05,1457.65,3600574
08/09/2022,1475,1481.1,1463.6,1475.9,4061475
09/09/2022,1488,1520,1480,1511.65,4816910
12/09/2022,1525.8,1545.9,1521.15,1536.2,5494819
13/09/2022,1551.9,1553,1541.3,1544.95,4947158
14/09/2022,1497,1498.95,1472,1475.4,14332197
15/09/2022,1475,1475.2,1429.05,1432.8,12784100
16/09/2022,1425,1425,1368.35,1377.05,20464045
19/09/2022,1392,1406,1380.6,1390.3,6595241
20/09/2022,1407.95,1413.55,1385.1,1388.55,7219797
21/09/2022,1379.9,1388.8,1368.4,1377.25,7917054
22/09/2022,1366.35,1383.95,1360,1367.95,9168498
23/09/2022,1367.5,1394.8,1362,1365.45,10426200
26/09/2022,1360,1399.45,1355,1380.25,9414587
27/09/2022,1393.45,1406.5,1378,1393.55,8561254
28/09/2022,1379,1405.85,1377,1394.7,7022098
29/09/2022,1404.9,1409.85,1393,1398.65,6119965
30/09/2022,1388.95,1419.3,1376,1413.45,8120130
03/10/2022,1412,1412,1386,1393.75,4943169
04/10/2022,1419.7,1432.25,1414,1429.4,6631341
06/10/2022,1445,1459.8,1444.1,1455.15,6180672
07/10/2022,1446.35,1457.85,1440.15,1451.2,3994466
10/10/2022,1426.35,1465,1426.35,1462.65,5274677
11/10/2022,1462.65,1479.65,1420.1,1423.8,12824774
12/10/2022,1437,1441.1,1413.55,1428.7,5481467
13/10/2022,1431,1437.95,1415,1419.9,4821514
14/10/2022,1485,1494,1467.25,1474.25,14990688
17/10/2022,1476.9,1495,1475.5,1489.95,4286396
18/10/2022,1510,1510.95,1497.25,1503.7,4692004
19/10/2022,1504,1504.95,1481.3,1485.45,3553171
20/10/2022,1475,1504,1474.2,1500.9,4583939
21/10/2022,1500.3,1506,1491.35,1500.5,3594485
24/10/2022,1518.5,1521.8,1511,1517.85,982837
25/10/2022,1528.1,1532.9,1521.05,1526.3,3914341
27/10/2022,1530.8,1534.9,1512.5,1523.95,6760137
28/10/2022,1526,1527.95,1507,1513.25,3053981
31/10/2022,1530.25,1546.4,1530.25,1537.65,4542336
01/11/2022,1553.05,1575,1547.1,1573,4542692
02/11/2022,1572,1572.75,1545,1553.3,2938906
03/11/2022,1538.75,1543.9,1521.65,1530.75,3174027
04/11/2022,1520.45,1520.45,1501.15,1514,4509682
07/11/2022,1521.4,1527.9,1491.1,1507.45,4898592
09/11/2022,1529,1529,1501.1,1511.2,3334755
10/11/2022,1485,1512,1485,1501.95,3435763
11/11/2022,1546.65,1573.5,1546.65,1570.1,7214098
14/11/2022,1575.15,1591.4,1568.45,1585.3,4908813
15/11/2022,1577.85,1597.85,1572.75,1594,3497614
16/11/2022,1597.15,1609,1593.5,1602.8,4497697
17/11/2022,1597.2,1602.8,1582.95,1587.4,3469515
18/11/2022,1591.7,1598,1575.5,1593.4,3126064
21/11/2022,1582.1,1587.85,1564.05,1568.2,3071764
22/11/2022,1569,1588,1562,1585.05,3399329
23/11/2022,1588.9,1592,1579.3,1583.15,3245067
24/11/2022,1589,1636,1584.75,1629.8,5282215
25/11/2022,1631.4,1644,1613.8,1635.65,4563255
28/11/2022,1628,1653.5,1620,1623.4,3825766
29/11/2022,1621.2,1638.75,1615.05,1629.05,3131710
30/11/2022,1619.95,1645.75,1613.15,1634.95,11868134
01/12/2022,1656.2,1672.6,1652.3,1657.1,5407928
02/12/2022,1656,1661.8,1633.95,1637.9,4283343
05/12/2022,1638,1644.85,1623.3,1639.75,3824966
06/12/2022,1625,1626,1607.55,1612.9,4822398
07/12/2022,1608,1623.8,1596.7,1605.5,4898087
08/12/2022,1605.5,1623.9,1598.5,1620.15,4206837
09/12/2022,1628,1628,1561.1,1569.3,8880658
12/12/2022,1550,1565.95,1530.05,1547.2,8037679
13/12/2022,1547.2,1577.5,1541.15,1572.15,6135067
14/12/2022,1582,1588.5,1573,1579.4,4976020
15/12/2022,1569.3,1570,1535.25,1540.5,6443866
16/12/2022,1525,1549.5,1512.05,1522.2,9630453
19/12/2022,1507.95,1516.9,1495.05,1507.35,6222740
20/12/2022,1501,1516,1482.45,1507.3,7396259
21/12/2022,1515,1521,1502.35,1509.55,6236361
22/12/2022,1521.5,1529.95,1511.75,1522.05,6302640
23/12/2022,1508.7,1509.9,1493,1497.1,6283822
26/12/2022,1500.5,1509.9,1496.35,1502.4,4115459
27/12/2022,1509.95,1521.45,1497.5,1514.85,4860076
28/12/2022,1505.1,1524.95,1498.5,1510.15,5029860
29/12/2022,1504,1521.3,1501,1517.55,4624745
30/12/2022,1528,1530.4,1504.05,1508.2,5060544
02/01/2023,1514,1526.5,1504.05,1524,3801140
03/01/2023,1519.85,1532.65,1515.1,1522.55,4551130
04/01/2023,1521,1521,1491.1,1494.8,7059590
05/01/2023,1505.9,1505.9,1469.25,1475.2,9868404
06/01/2023,1470,1475,1446.5,1448.5,6443714
09/01/2023,1448.2,1489.35,1448.2,1484.45,11498717
10/01/2023,1482,1483.9,1454.05,1469.75,7158624
11/01/2023,1470,1494,1464,1471.25,6173092
12/01/2023,1481.95,1485,1455,1480.6,6591385
13/01/2023,1483.5,1519.4,1468,1503.65,11610426
16/01/2023,1510,1528,1502.3,1525.5,6073063
17/01/2023,1527,1542.2,1524,1539.5,5922644
18/01/2023,1544.75,1551.85,1539.6,1545.4,5843098
19/01/2023,1539.9,1549.55,1526.15,1538.9,6165284
20/01/2023,1538,1545,1524,1525.55,6496429
23/01/2023,1535,1553.3,1528.1,1548,4855020
24/01/2023,1560,1568.8,1549.75,1551.9,5200802
25/01/2023,1547,1556,1538.75,1543,4158617
27/01/2023,1546,1550.95,1507.4,1519.15,6209955
30/01/2023,1528.8,1544,1520,1538.8,6964719
31/01/2023,1548.9,1548.9,1513,1533.75,9448126
01/02/2023,1542.2,1555.05,1528.05,1551.1,6194199
02/02/2023,1552,1586.95,1552,1583.75,6916834
03/02/2023,1597.5,1604.65,1573,1599.4,7040194
06/02/2023,1598,1598,1561.6,1569.85,4570612
07/02/2023,1569,1576.05,1555.1,1562.4,4336238
08/02/2023,1565.5,1603,1565.5,1590.5,7983338
09/02/2023,1596.2,1619.75,1586.05,1617,6904911
10/02/2023,1612.95,1616.3,1596.45,1608.55,4786762
13/02/2023,1597,1597,1566,1567.45,4001199
14/02/2023,1584.7,1596,1578.15,1593.25,5043736
15/02/2023,1584,1599,1576,1597.05,3465747
16/02/2023,1600,1614.45,1597.85,1601.8,4290289
17/02/2023,1594,1595,1575.5,1583.8,2857734
20/02/2023,1584.95,1603,1582.5,1592.45,2417716
21/02/2023,1598.7,1601.65,1576,1579.5,2723288
22/02/2023,1563,1575,1555.3,1561.8,3656244
23/02/2023,1569.85,1569.85,1548.15,1550.7,4766854
24/02/2023,1560,1569,1545,1550.65,2790986
27/02/2023,1540,1540,1502,1509.3,4920268
28/02/2023,1515.6,1524,1481.3,1487.55,9679811
01/03/2023,1492.4,1500.85,1481.5,1496.05,5125043
02/03/2023,1485,1488.6,1467.3,1472.15,4644499
03/03/2023,1486.75,1489.8,1473,1479.3,4615015
06/03/2023,1494.55,1520.4,1493.15,1507.45,6561742
08/03/2023,1490.55,1496,1481.1,1492.7,4137080
09/03/2023,1495,1498.35,1474.6,1480.4,5104656
10/03/2023,1460,1474.3,1457.65,1471.55,3699580
13/03/2023,1464.2,1478.3,1428,1435.1,8798403
14/03/2023,1441,1448.35,1411,1420,7402784
15/03/2023,1438,1442.85,1416.85,1419.65,7556182
16/03/2023,1417.8,1417.8,1398.7,1404.1,7323117
17/03/2023,1430,1442.9,1411.4,1420.7,9090018
20/03/2023,1419.7,1419.7,1384.85,1403.65,8221829
21/03/2023,1399,1405,1390,1390.7,8536755
22/03/2023,1403,1407.25,1382.15,1389.25,8356487
23/03/2023,1383.95,1383.95,1370,1374.55,7607718
24/03/2023,1388,1398.95,1377.5,1380.65,7559127
27/03/2023,1386.25,1395.75,1374.1,1388.95,4170193
28/03/2023,1392.1,1398,1375.85,1377.6,6633366
29/03/2023,1379,1389.9,1364.55,1383.55,8813966
31/03/2023,1404,1429.95,1393.9,1427.95,8711975
03/04/2023,1435,1435,1405.15,1410.85,5242764
05/04/2023,1400,1427.5,1400,1423.55,7506334
06/04/2023,1416,1428.4,1410.35,1421.9,6948465
10/04/2023,1423.95,1434,1415,1427.6,4993788
11/04/2023,1428.9,1433.35,1389,1406.15,6942255
12/04/2023,1413.05,1431.5,1400,1428.3,5831169
13/04/2023,1409.75,1411.05,1383,1389.2,11267238
17/04/2023,1250.3,1261.15,1185.3,1258.3,53171705
18/04/2023,1269.95,1269.95,1253.1,1259.35,12430884
19/04/2023,1254.35,1254.35,1229.4,1232.2,11307230
20/04/2023,1230.7,1237.85,1221.4,1223.4,8621249
21/04/2023,1228.1,1233.25,1220,1227.35,8691352
24/04/2023,1228,1230,1218,1226.3,8313774
25/04/2023,1225.95,1235.5,1215,1224.9,6808576
26/04/2023,1228,1233,1220.55,1227.55,5680192
27/04/2023,1230,1247.8,1225.4,1246.25,8020704
28/04/2023,1255.7,1259,1244.95,1252.75,10118277
02/05/2023,1254.55,1279.75,1254.55,1277.45,8886401
03/05/2023,1266,1272.5,1262.1,1269.15,5549783
04/05/2023,1268.95,1275.8,1262.5,1273.55,4505401
05/05/2023,1279,1279,1254.25,1259.1,5373791
08/05/2023,1262.45,1270.3,1255.2,1265.6,5260842
09/05/2023,1266,1272,1260.7,1270.7,4969897
10/05/2023,1276.4,1276.4,1259.15,1263.25,6515734
11/05/2023,1270.25,1275.9,1253.05,1256.1,6888461
12/05/2023,1253.35,1256,1239.05,1245.2,8292212
15/05/2023,1249.9,1268.9,1245.65,1258.35,5534710
16/05/2023,1265,1273.95,1262.75,1264.3,5236469
17/05/2023,1260.6,1260.95,1242.45,1246.9,10465667
18/05/2023,1258.6,1259.65,1242.45,1246,6948732
19/05/2023,1256.05,1273.3,1252.8,1268.9,11094136
22/05/2023,1272.95,1295.6,1270.25,1292.8,7625947
23/05/2023,1299.2,1314.15,1297.05,1300.05,7436031
24/05/2023,1296.3,1305,1291.3,1298.65,4824077
25/05/2023,1294.5,1307,1289.25,1304.35,4334121
26/05/2023,1306,1323.45,1306,1317.45,5521606
29/05/2023,1332.7,1332.7,1309.85,1314.4,4419365
30/05/2023,1315,1326.4,1309.15,1323.85,6274719
31/05/2023,1319.85,1331.1,1314.15,1318.3,17800782
01/06/2023,1322.55,1329.5,1318.1,1319.5,4277841
02/06/2023,1309,1312.9,1296.05,1299,10909311
05/06/2023,1304,1309.45,1297.3,1304.5,5002553
06/06/2023,1288.6,1288.6,1273,1279,10008100
07/06/2023,1290.5,1294,1282.5,1288.95,5397578
08/06/2023,1286.2,1292,1281.1,1282.8,5034942
09/06/2023,1282.5,1282.5,1264,1265.95,5339073
12/06/2023,1273.5,1295.7,1273,1291.95,4785588
13/06/2023,1299.9,1306.5,1297.05,1304.85,4846587
14/06/2023,1306.35,1306.7,1293.2,1300.4,3457981
15/06/2023,1293.95,1293.95,1282.65,1286.8,6161155
16/06/2023,1287,1301.5,1281.05,1291.65,8536287
19/06/2023,1294,1299.5,1287.05,1294,4451787
20/06/2023,1294,1305,1291.1,1303.4,4009180
21/06/2023,1299.95,1303.8,1295,1299.35,4041529
22/06/2023,1289.4,1289.4,1273.5,1281.55,6676607
23/06/2023,1276.45,1279.35,1263.35,1265,7239467
26/06/2023,1270.25,1274,1262.25,1270.35,3403244
27/06/2023,1280,1282,1274.2,1279.15,3240024
28/06/2023,1290,1296.7,1281.4,1293.35,5662358
30/06/2023,1308.2,1338.9,1304.45,1335.5,12821692
03/07/2023,1330,1346,1328.45,1333.7,7732412
04/07/2023,1344.3,1346,1331.4,1345.15,5797775
05/07/2023,1357.85,1357.95,1341,1347.3,5414936
06/07/2023,1342.55,1347.45,1337.15,1343.9,5963897
07/07/2023,1334,1345.8,1325.35,1330.2,6295647
10/07/2023,1336.55,1341.9,1319.3,1329.15,3940315
11/07/2023,1333.45,1350.9,1327,1348.6,6126128
12/07/2023,1351,1351.9,1327,1333.3,8102770
13/07/2023,1334.9,1376.8,1330.85,1365.1,9977644
14/07/2023,1380.65,1430,1380.65,1425.95,12833381
17/07/2023,1425.95,1458.95,1414.3,1422.95,11569884
18/07/2023,1434,1477.95,1429,1475.2,16743977
19/07/2023,1486,1498.8,1460.7,1474.95,13687062
20/07/2023,1471,1471,1440.7,1449.5,8347221
21/07/2023,1320.2,1350,1305,1331.6,45548305
24/07/2023,1341,1349.9,1334.25,1336.6,8859789
25/07/2023,1337,1342.85,1324.25,1334.6,6801982
26/07/2023,1343,1350,1339.4,1348.85,5528885
27/07/2023,1358.6,1363.8,1347.05,1353.15,9191861
28/07/2023,1353.85,1363.85,1336,1340.5,6122735
31/07/2023,1348.75,1357.5,1333.25,1355.7,7902180
01/08/2023,1362,1369,1357,1365.2,6064652
02/08/2023,1369.3,1371.95,1348.45,1356.85,7419145
03/08/2023,1350,1366.55,1349,1364.3,6503741
04/08/2023,1368.9,1385.9,1362,1378.35,5712345
07/08/2023,1387.9,1395,1377,1393,3729093
08/08/2023,1392.85,1393.55,1384.4,1390.2,4161877
09/08/2023,1384,1396,1382.5,1394.4,4090828
10/08/2023,1391.6,1395.8,1385.6,1389.1,3873025
11/08/2023,1392,1396.85,1367.05,1371.85,5783517
14/08/2023,1371.85,1395,1365.6,1393.55,4304135
16/08/2023,1410.8,1419.95,1405.4,1418.5,7735313
17/08/2023,1420,1420,1406,1411.55,5618346
18/08/2023,1403.7,1408.7,1386.15,1388.8,5134103
21/08/2023,1389.75,1407,1387.15,1405.4,3032722
22/08/2023,1404.7,1406.05,1396.65,1403.75,2890714
23/08/2023,1416,1416.6,1405.65,1407.95,2559125
24/08/2023,1421.5,1425.05,1414.45,1423.6,5171963
25/08/2023,1413,1422.5,1411.4,1420.1,4307172
28/08/2023,1420.1,1424.8,1411.4,1415.65,3133464
29/08/2023,1424,1424.4,1415.3,1417.65,3074444
30/08/2023,1427,1436.65,1424,1435.15,3070887
31/08/2023,1435.15,1444.9,1428.65,1435.45,9792735
01/09/2023,1430.95,1446,1428.2,1443.85,3582133
04/09/2023,1443,1470,1434.7,1465.1,4609014
05/09/2023,1465,1480.05,1456.5,1478.9,5496840
06/09/2023,1481.9,1482.9,1463.3,1477.45,5075786
07/09/2023,1470.6,1473.4,1462.05,1466.2,4411743
08/09/2023,1463.5,1474.75,1460.2,1469.6,3125838
11/09/2023,1469.6,1478.05,1464.5,1476.45,4182226
12/09/2023,1482.5,1504,1477.1,1501.1,6793161
13/09/2023,1505,1505,1488.65,1498.35,4804686
14/09/2023,1505,1512.55,1499.15,1506.95,6444213
15/09/2023,1518,1518.4,1509,1511.6,8657816
18/09/2023,1504.9,1504.9,1488,1491.8,3991916
20/09/2023,1476.2,1495.1,1476.2,1490.25,4169337
21/09/2023,1486.55,1504.55,1476,1501.75,6779195
22/09/2023,1491.9,1506.95,1485.2,1496.15,5455613
25/09/2023,1489.85,1489.85,1471.55,1474.15,4217863
26/09/2023,1479.15,1479.9,1459,1460.65,3996528
27/09/2023,1456,1469.6,1450.05,1467,3863586
28/09/2023,1467.9,1472.6,1435,1439.45,5814602
29/09/2023,1432.1,1446.8,1416,1435.45,6068968
03/10/2023,1436.05,1437,1420.3,1434,4181867
04/10/2023,1425,1449.95,1418.2,1444.35,4510406
05/10/2023,1452,1475.65,1450.2,1463.45,7384621
06/10/2023,1469.5,1484.5,1463.3,1478.7,3598672
09/10/2023,1464.9,1491,1462.2,1475.45,3567552
10/10/2023,1483.9,1497,1469.1,1495.15,5688951
11/10/2023,1497,1518.25,1481.45,1494.4,7220129
12/10/2023,1491.9,1504.4,1452,1465.5,11081662
13/10/2023,1405,1438,1400,1431.15,17973439
16/10/2023,1432.1,1443.6,1430,1434.15,4850745
17/10/2023,1440.25,1453.35,1438.05,1442.45,3923764
18/10/2023,1442,1454,1438.35,1440.55,4264837
19/10/2023,1426.1,1439.65,1426.1,1433.65,6795691
20/10/2023,1430,1438.5,1425.25,1427.25,3928622
23/10/2023,1425.6,1432.35,1405.25,1408.65,2636516
25/10/2023,1399,1402.55,1361.3,1370.05,6940777
26/10/2023,1355.05,1374,1353.1,1359.45,6357656
27/10/2023,1363.65,1385,1363.65,1380.35,4634358
30/10/2023,1380.35,1380.35,1363.1,1377.05,2667696
31/10/2023,1379.95,1381.15,1363,1368.4,3451595
01/11/2023,1373.05,1377.45,1351.65,1354.15,3090672
02/11/2023,1370,1376.3,1361.65,1370.15,3758060
03/11/2023,1380.05,1392,1377.75,1389.05,3349045
06/11/2023,1393.9,1407.25,1390.8,1403.3,2736381
07/11/2023,1400,1405.9,1394.85,1404.3,2272209
08/11/2023,1405,1405,1386.45,1391,3550635
09/11/2023,1395.9,1397.5,1370.05,1374.8,5498051
10/11/2023,1369.95,1373.15,1361,1368.85,2943649
12/11/2023,1380.05,1389.1,1380.05,1388.2,572298
13/11/2023,1379.85,1382.45,1370.85,1373.55,3462092
15/11/2023,1399,1414,1393,1410.5,8551860
16/11/2023,1416.1,1453.4,1410.6,1444.9,6673907
17/11/2023,1441.05,1451,1435.05,1437.55,4901251
20/11/2023,1442,1452,1433.65,1436.6,3584210
21/11/2023,1442,1450,1436.75,1439,3793135
22/11/2023,1436.2,1458.95,1436.2,1457.8,3108786
23/11/2023,1467.9,1467.9,1447.7,1449.25,3186928
24/11/2023,1445.55,1452.65,1433.85,1437.4,2973195
28/11/2023,1444,1445,1427.05,1442.7,3755373
29/11/2023,1451.1,1460.7,1449.8,1459.6,3875778
30/11/2023,1453.25,1460.65,1449.55,1455.15,10120867
01/12/2023,1459.9,1459.9,1446.15,1452.3,3489187
04/12/2023,1460.45,1471.9,1449.3,1464.35,5511948
05/12/2023,1465.8,1466.9,1442,1453.95,5123039
06/12/2023,1456.75,1477,1451.05,1474.3,5269178
07/12/2023,1472.85,1472.85,1461.8,1465.9,4424453
08/12/2023,1470.4,1494.7,1466.25,1491.15,6323433
11/12/2023,1490,1498,1482,1488.5,3862018
12/12/2023,1477.5,1490,1467.65,1476.05,6103494
13/12/2023,1476,1476.05,1433.15,1449,8549258
14/12/2023,1463.4,1511,1461.35,1501.45,12489858
15/12/2023,1523.05,1588.55,1521,1578.4,18395389
18/12/2023,1567.95,1593,1560.3,1564.35,6467243
19/12/2023,1570.1,1573.95,1543.25,1558.3,4221721
20/12/2023,1565.05,1583.5,1530,1536.4,6592367
21/12/2023,1521.25,1546.65,1521.25,1536,5319038
22/12/2023,1534.95,1566,1523,1562.9,6741060
26/12/2023,1535,1548,1523,1543.95,6878067
27/12/2023,1544,1570,1544,1567.1,4225849
28/12/2023,1568.95,1568.95,1555,1562.65,5702253
29/12/2023,1541.05,1559.45,1540,1542.9,4388990
01/01/2024,1539,1557,1535.25,1551.35,2808451
02/01/2024,1546,1549.15,1523,1534.4,5396313
03/01/2024,1519.95,1519.95,1488,1490,7550363
04/01/2024,1504.95,1519.75,1492.9,1512.7,7056038
05/01/2024,1506.75,1539.7,1506.25,1532.55,8895403
08/01/2024,1528.95,1536,1513.25,1522.8,4440136
09/01/2024,1541.9,1553,1525.85,1529.3,4412074
10/01/2024,1524.95,1535.45,1505,1519.9,4096845
11/01/2024,1524.9,1525,1486.6,1494.2,11296088
12/01/2024,1562,1618,1555.4,1612.75,26754401
15/01/2024,1644.95,1664.95,1636,1652.1,13228305
16/01/2024,1644.8,1648.5,1625,1631.55,6500917
17/01/2024,1620.25,1647.5,1620.25,1640.2,9209876
18/01/2024,1642.65,1649,1628.25,1642.6,6375464
19/01/2024,1651.6,1665.5,1644.15,1659.2,4522736
20/01/2024,1665.55,1669.25,1645,1648.85,1158144
23/01/2024,1650.1,1674.7,1637.7,1642.15,9401255
24/01/2024,1659.9,1680,1645,1675.4,8999681
25/01/2024,1672.95,1680.55,1658,1669.1,8865304
29/01/2024,1665.15,1679.35,1647.6,1656.6,4253785
30/01/2024,1662.45,1690,1648.25,1651.45,4995943
31/01/2024,1648.25,1667.25,1638.1,1660.9,6763779
01/02/2024,1659.55,1677,1650.35,1657.05,5760011
02/02/2024,1666.05,1718.5,1665,1693.35,7858483
05/02/2024,1694.75,1700.75,1681.85,1687.2,3634135
06/02/2024,1686.75,1733,1673.95,1729.45,7694265
07/02/2024,1729,1729,1686.85,1693.75,4613877
08/02/2024,1698,1706.35,1682.8,1692.1,5919715
09/02/2024,1684.7,1692.9,1659.8,1669.35,4600004
12/02/2024,1670.35,1692.95,1670.35,1680.1,3555808
13/02/2024,1683,1689.1,1663.5,1684.55,2696481
14/02/2024,1660.2,1669.45,1635.5,1666.2,3768579
15/02/2024,1677,1687.75,1661.6,1676.35,4834391
16/02/2024,1689,1709,1687.95,1701.65,4880654
19/02/2024,1705,1711.5,1687.7,1699.75,3690993
20/02/2024,1685,1694.25,1668.75,1685.25,3706389
21/02/2024,1674,1674,1645.3,1655.55,4300508
22/02/2024,1665,1684.6,1644.4,1681.35,5841277
23/02/2024,1697,1698.45,1671.9,1676.85,5373072
26/02/2024,1674.95,1674.95,1645,1660.15,2782438
27/02/2024,1661,1671.1,1652.8,1663.6,5159088
28/02/2024,1670,1687.8,1662.05,1671.25,3188916
29/02/2024,1665,1682.25,1653.3,1673.9,7814722
01/03/2024,1669,1671.95,1651,1654.7,6387291
02/03/2024,1658.85,1665,1654.05,1656.3,292153
04/03/2024,1657.85,1664.45,1633.65,1637.2,4445156
05/03/2024,1634,1637.35,1602,1606.5,4596579
06/03/2024,1602.8,1620.15,1576,1617.55,6420684
07/03/2024,1616.6,1628.45,1604.2,1616.45,6348359
11/03/2024,1608.15,1613.8,1588,1600.6,6752895
12/03/2024,1600,1625,1597.65,1612.95,4614222
13/03/2024,1612.9,1624.5,1598.55,1611.4,5688997
14/03/2024,1614.4,1657.75,1608,1653.3,8803799
15/03/2024,1641.1,1645.8,1618.35,1634,11809997
18/03/2024,1630,1632.65,1598.85,1602.65,4958904
19/03/2024,1592.35,1599,1558,1561.45,6870411
20/03/2024,1563,1574.95,1552.35,1554.95,4759059
21/03/2024,1564,1576.95,1543.4,1554.7,11062497
22/03/2024,1521,1528.9,1498.2,1508.85,14673890
26/03/2024,1492,1507.45,1487.9,1492.65,8351081
27/03/2024,1496,1499,1481.55,1483.85,6857402
28/03/2024,1487.15,1511.8,1487.15,1498.05,12499530
01/04/2024,1525,1529.95,1492.8,1495.45,6580002
02/04/2024,1484.85,1493.15,1480.85,1482.85,7279400
03/04/2024,1479,1495.1,1475,1480.65,8736248
04/04/2024,1490.55,1495.65,1468,1486.7,11186915
05/04/2024,1480.05,1486.7,1476.05,1479.1,5072482
08/04/2024,1483,1490.95,1474.1,1476.7,6610887
09/04/2024,1490,1513.8,1487.3,1494.85,9423230
10/04/2024,1500.35,1509.85,1484.55,1506.8,6744595
12/04/2024,1504,1506.8,1479.5,1484.75,12275616
15/04/2024,1480,1491.95,1461.05,1468.15,8531224
16/04/2024,1451,1455.15,1413.05,1414.45,16173541
18/04/2024,1421.1,1444.7,1407.5,1419.25,22107945
19/04/2024,1385,1426.85,1378.75,1411.25,20603621
22/04/2024,1419.9,1436.85,1413.05,1432.75,5859087
23/04/2024,1443,1446.85,1433,1442.4,4856174
24/04/2024,1444.3,1444.3,1427.05,1430.75,4268213
25/04/2024,1420,1444.9,1420,1438.45,9089398
26/04/2024,1439.7,1445.4,1427,1430.25,8062444
29/04/2024,1429.95,1439.8,1428.25,1434.75,5055957
30/04/2024,1434.7,1436.55,1417.55,1420.55,6936588
02/05/2024,1413,1424,1411.85,1414.45,10076354
03/05/2024,1422.1,1424.8,1403.2,1416.3,8842345
06/05/2024,1420,1445.7,1417.1,1425.9,6445422
07/05/2024,1424.95,1443.35,1415.6,1440.95,6080661
08/05/2024,1435.25,1439.75,1425.6,1427.3,6234983
09/05/2024,1427.55,1449.95,1424.85,1439.55,6088406
10/05/2024,1435.05,1435.95,1413,1424.9,8777481
13/05/2024,1425,1425,1411.2,1423.45,3735954
14/05/2024,1426.4,1433.75,1418.05,1424.7,3463230
15/05/2024,1426,1431.8,1418.55,1419.95,4327544
16/05/2024,1433.95,1455.75,1427,1453.35,9249145
17/05/2024,1457,1457,1439.25,1444.3,7542860
18/05/2024,1445,1450,1442,1443.65,318277
21/05/2024,1430,1444.7,1428.4,1434.15,6752663
22/05/2024,1428.75,1459.95,1428,1454.8,7173285
23/05/2024,1454.7,1478.15,1450,1472.4,8641428
24/05/2024,1468.25,1475.5,1460,1465.1,5277938
27/05/2024,1471.85,1479.6,1460.25,1471.35,5821844
28/05/2024,1475.5,1476,1460.3,1467.05,6186922
29/05/2024,1465.4,1465.5,1450,1450.95,7401634
30/05/2024,1442.8,1449.85,1421.55,1427.45,9663150
31/05/2024,1409.8,1436.75,1400,1406.9,37113815
03/06/2024,1440,1440,1404,1405.9,10589244
04/06/2024,1409,1415,1358.35,1393.65,13736134
05/06/2024,1400.15,1438,1400.15,1430.1,9233424
06/06/2024,1444.95,1474.3,1437.5,1472.25,12660930
07/06/2024,1481,1539.7,1477.25,1533.6,24075302
10/06/2024,1525.3,1529.8,1497.3,1499.75,6810606
11/06/2024,1500.05,1506.45,1493.95,1495.75,4853054
12/06/2024,1507,1508.75,1482.75,1485.2,9564320
13/06/2024,1495,1505,1489.35,1493.95,7307565
14/06/2024,1503.7,1503.7,1486.05,1488.9,4237727
18/06/2024,1497,1507,1495.4,1498.2,5420939
19/06/2024,1505,1515.65,1496.7,1511.35,5493456
20/06/2024,1516.3,1517.5,1499.1,1515.4,7927010
21/06/2024,1545,1557.75,1523.7,1532.7,17301941
24/06/2024,1524.55,1529.1,1515.4,1527.15,5564989
25/06/2024,1526,1543.9,1520.35,1541.95,4551525
26/06/2024,1541,1548.85,1535,1540.7,4851004
27/06/2024,1538.45,1578.4,1532.05,1573.35,14757754
28/06/2024,1572.55,1588.5,1564.25,1566.75,8197544
01/07/2024,1559.5,1599.9,1559.5,1590.8,6801771
02/07/2024,1596.2,1633.8,1586.5,1621.05,10493173
03/07/2024,1625,1636,1606,1627.4,7269965
04/07/2024,1628.2,1660,1628,1650.65,8008311
05/07/2024,1651.45,1665.85,1633.35,1647.45,7065022
08/07/2024,1643.1,1666,1640,1661.65,5880533
09/07/2024,1659.9,1666.75,1651,1657.15,5191182
10/07/2024,1657,1674,1637.55,1648.25,9852770
11/07/2024,1656,1665,1642.05,1652.7,8857679
12/07/2024,1680,1719.75,1666.65,1711.75,17078316
15/07/2024,1726.2,1728,1702.65,1707.05,6942230
16/07/2024,1718.6,1737.9,1700,1726.05,6886281
16/07/2024,1718.6,1737.9,1700,1726.05,6886281
18/07/2024,1719,1765.4,1719,1758.05,11248896
19/07/2024,1844,1844,1786.45,1792.95,29819116
22/07/2024,1800.15,1823,1792.95,1810.85,8462126
23/07/2024,1810,1839.95,1783.25,1836.9,7113056
24/07/2024,1837.5,1842.35,1819.6,1833.95,6002845
25/07/2024,1820,1830.9,1812,1824.85,5815599
26/07/2024,1825.35,1883,1825.35,1878.9,11369047
29/07/2024,1893.6,1903,1864,1871.1,4635931
30/07/2024,1871.1,1879.95,1860,1877.15,2721265
31/07/2024,1877,1885.15,1865.05,1868.25,5004209
01/08/2024,1856.1,1867.9,1845.1,1852.6,7475014
02/08/2024,1843,1859.5,1816.15,1821.2,7400938
05/08/2024,1784.95,1797.5,1718.55,1751.9,10736703
06/08/2024,1760.2,1796.95,1744.85,1751.1,7690163
07/08/2024,1796,1797.9,1762.1,1791.65,5094329
08/08/2024,1779.95,1779.95,1727.1,1743.15,6227910
09/08/2024,1771.25,1780.75,1756,1770.75,4258524
12/08/2024,1773.05,1803.5,1768.1,1797.4,4315329
13/08/2024,1810,1810,1789.05,1797.45,4176918
14/08/2024,1802,1825,1797.45,1823.25,7450718
16/08/2024,1850,1861.85,1829.5,1858.95,7335657
19/08/2024,1860,1867.55,1849.2,1864.8,2585989
20/08/2024,1880,1885.7,1868.2,1872.2,3870333
21/08/2024,1875.1,1879,1867.1,1872.7,1966902
22/08/2024,1884,1893.65,1869.7,1880.25,4300287
23/08/2024,1878.2,1882.6,1857,1862.1,5015935
26/08/2024,1870,1888.75,1864,1876.15,3728589
27/08/2024,1876.15,1902.75,1873.9,1900.1,3830679
28/08/2024,1906.9,1951,1897.4,1939.1,6514531
29/08/2024,1933,1950.5,1920.9,1933.35,7228284
30/08/2024,1938,1950,1928,1943.7,13466759
02/09/2024,1943.35,1975.75,1942.8,1964.5,5573739
03/09/2024,1967,1967,1936.45,1941.25,4694322
04/09/2024,1921.1,1927.2,1900.05,1922.45,4778310
05/09/2024,1926.25,1940,1909.6,1933.15,4081810
06/09/2024,1922,1936.5,1896.85,1901.85,5848106
09/09/2024,1890,1920.85,1889,1894.65,4772612
10/09/2024,1904.9,1935,1896,1912.3,6909600
11/09/2024,1914.7,1926,1905,1910.15,5312946
12/09/2024,1925,1956.4,1910.8,1950.45,8555092
13/09/2024,1950.45,1958.6,1935.65,1944.1,3843127
16/09/2024,1945.75,1952,1933.05,1950.25,1570181
17/09/2024,1947.75,1958.45,1942.15,1952.55,2793127
18/09/2024,1938.75,1938.75,1881.3,1892.15,6385468
19/09/2024,1910.6,1924.9,1878.8,1894.2,7976570
20/09/2024,1905,1915,1867.4,1905.75,15242974
23/09/2024,1909,1918.9,1878.45,1896.45,3636672
24/09/2024,1888,1910.9,1871.4,1898.6,7277616
25/09/2024,1886.35,1901.6,1876.8,1895.3,4268341
26/09/2024,1897.8,1917.95,1893,1900.25,8952803
27/09/2024,1932.1,1974.6,1903.3,1906.75,14908931
30/09/2024,1880,1901.25,1870.5,1875.6,6986955
01/10/2024,1875,1908.95,1875,1904.35,4029072
03/10/2024,1889.5,1911.85,1881,1893.4,7503887
04/10/2024,1889.55,1954.1,1886,1918.15,10001483
07/10/2024,1923.2,1942,1916.05,1934.3,6112575
08/10/2024,1937.9,1957.95,1906.35,1948.55,5637391
09/10/2024,1952.55,1977,1945.1,1952.75,4857163
10/10/2024,1957.9,1964,1914.1,1919,4782119
11/10/2024,1918,1947,1910.1,1935.1,4709431
14/10/2024,1932.15,1969.5,1931.1,1958.9,3751378
15/10/2024,1960,1991.45,1951.75,1959.3,5353705
16/10/2024,1955,1959.55,1916.35,1920.1,3111512
17/10/2024,1935.2,1978,1930.15,1968.1,8162822
18/10/2024,1893.8,1936.85,1869.25,1879.6,10526196
21/10/2024,1891.1,1898.8,1838,1852.75,4654601
22/10/2024,1858.2,1877.8,1846.95,1851.6,4125240
23/10/2024,1845.25,1886,1844,1873.4,4311910
24/10/2024,1861.4,1884,1860,1863.35,2906475
25/10/2024,1863.45,1876.35,1846.4,1862.05,4689120
28/10/2024,1859.7,1881.9,1857,1865.35,7018940
29/10/2024,1846,1851.6,1829,1839.3,4621252
30/10/2024,1832,1839,1796.35,1802.1,5919715
31/10/2024,1787.9,1787.9,1746.5,1757.25,7395236
01/11/2024,1764.5,1766,1752.05,1760.85,371966
04/11/2024,1724.5,1767,1718,1763.65,7336722
05/11/2024,1760,1768.45,1745,1754.2,3160880
06/11/2024,1764,1827.2,1762.65,1823.7,10421494
07/11/2024,1812.95,1825.7,1787,1803.05,4550965
08/11/2024,1818,1840.6,1813.15,1829.95,4210960
11/11/2024,1829,1868,1822.55,1860.1,3804234
12/11/2024,1871.1,1881,1861,1868.8,5012450
13/11/2024,1861.1,1873.2,1856.3,1868.4,4257495
14/11/2024,1865.6,1876,1856,1864.55,4311431
18/11/2024,1849.2,1849.2,1795,1811.45,4839244
19/11/2024,1825.5,1859.7,1820.55,1824.75,4669769
21/11/2024,1842,1867,1820.6,1834.05,5436504
22/11/2024,1854.1,1914.05,1834,1902.25,6301486
25/11/2024,1916,1919.3,1882,1889.7,12764638
26/11/2024,1904.95,1938.6,1897.3,1924.15,6850495
27/11/2024,1930.1,1941.4,1911.75,1924.5,4447143
28/11/2024,1914.9,1914.9,1851.65,1856.65,8468790
29/11/2024,1851.1,1877,1845,1857.85,5244346
02/12/2024,1859,1882.8,1835.2,1879.8,2868263
03/12/2024,1887,1899.75,1871.15,1892.1,4715792
04/12/2024,1884,1913.95,1875,1889.25,4705573
05/12/2024,1900,1949.9,1888.95,1934.85,9050038
06/12/2024,1932.8,1937.95,1912.4,1922.4,3573331
09/12/2024,1924.2,1930.2,1897.2,1923.65,4274645
10/12/2024,1939,1965.6,1932,1948.55,6174921
11/12/2024,1955,1978,1952,1974.15,5025612
12/12/2024,1975.2,1998.8,1970.55,1987,6462130
13/12/2024,1969.75,2006.45,1953.8,1999.7,5362693
16/12/2024,1995.45,1999.6,1977.6,1980.05,3119221
17/12/2024,1968,1982,1958,1976.6,5811050
18/12/2024,1966.8,1984.95,1961.6,1979.15,3064095
19/12/2024,1934,1959.75,1920,1946.2,5323592
20/12/2024,1975.15,1979.95,1911.25,1922.15,11056720
23/12/2024,1930.05,1940,1909,1924.3,2781793
24/12/2024,1927.05,1942,1840,1909.05,2360544
26/12/2024,1909.05,1919.75,1902.3,1907.4,3623321
27/12/2024,1909.4,1924.15,1903.9,1916.75,3937500
30/12/2024,1915.7,1916,1886.5,1906,7789055
31/12/2024,1892.3,1897,1845.05,1880,3613063
01/01/2025,1874,1892.95,1874,1882.5,1838368
02/01/2025,1887,1962.65,1885.3,1957.85,7083645
03/01/2025,1952.95,1952.95,1922,1938.75,6218003
06/01/2025,1952,1973,1928,1937.85,7164403
07/01/2025,1945,1958.55,1923.65,1930.85,4294832
08/01/2025,1930,1938.6,1888.75,1933.15,5482050
09/01/2025,1934.05,1951.85,1910.55,1917.3,6833503
10/01/2025,1937,1977.8,1932.25,1966.95,8036913
13/01/2025,1956,1982.8,1949,1962.2,5804152
14/01/2025,1968.85,1971.8,1931.1,1940.05,5792162
15/01/2025,1947,1958.05,1937.1,1949.65,2985439
16/01/2025,1965.95,1966.95,1916.85,1928.45,7533579
17/01/2025,1851,1858,1812,1815.45,16409953
20/01/2025,1822.95,1827.95,1793.15,1813.3,4333011
21/01/2025,1819.05,1831.65,1793.05,1800.7,7169109
22/01/2025,1807.4,1865.8,1805.15,1856.45,8373913
23/01/2025,1858,1879.55,1852.7,1865.45,5907471
24/01/2025,1865.5,1894.9,1864.25,1875.45,4887027
27/01/2025,1848.75,1863,1812,1822,7652371
28/01/2025,1830,1863.5,1824.9,1829.75,6999495
29/01/2025,1845,1888.65,1840.5,1881.25,5145155
30/01/2025,1873.15,1887.2,1844,1859.95,7336056
31/01/2025,1871,1897.45,1871,1879.8,5820470
01/02/2025,1880.3,1890.6,1846,1851.35,1701402
03/02/2025,1836,1876.55,1832.4,1863.3,4823228
04/02/2025,1889,1911.2,1875,1898.8,7334787
05/02/2025,1906,1919.7,1894.3,1897.05,4996744
06/02/2025,1917,1924,1900,1915.65,4765255
07/02/2025,1919.3,1923.7,1889.45,1903.65,4126260
10/02/2025,1905,1905,1878.6,1880.3,3828734
11/02/2025,1883.1,1903,1870,1875.65,4411601
12/02/2025,1885,1894.6,1847,1863.15,5633947
13/02/2025,1868.5,1873.5,1835.65,1843.25,5237744
14/02/2025,1854,1859.3,1828.35,1856.4,5292961
17/02/2025,1838.55,1852.75,1822.15,1842.3,4428956
18/02/2025,1842.3,1861.65,1837.6,1851.95,4365260
19/02/2025,1847.4,1849.2,1805.9,1810.8,4611411
20/02/2025,1805.55,1831,1805.55,1825.15,2218020
21/02/2025,1821.8,1829.85,1806.2,1815,3379879
24/02/2025,1800.05,1808,1750.25,1764.1,7594720
25/02/2025,1745.15,1778.45,1745.15,1767.7,5092963
27/02/2025,1755.2,1775.85,1751.1,1764.3,5757079
28/02/2025,1755.05,1755.1,1682.45,1687.7,12182167
03/03/2025,1692.3,1728.6,1692.3,1708.6,7504969
04/03/2025,1695,1699,1670,1688.3,6759673
05/03/2025,1692.45,1732.95,1692.45,1711.5,8180782
06/03/2025,1715,1722.3,1691.1,1715.85,10610547
07/03/2025,1703.1,1705,1675.5,1686,8019331
10/03/2025,1686,1719,1676.2,1701.45,7558981
11/03/2025,1680,1680,1637.05,1661.6,12671234
12/03/2025,1636.9,1636.9,1563.8,1590.85,14870008
13/03/2025,1599.25,1606.05,1570.3,1579.85,7822888
17/03/2025,1545.15,1594,1545.15,1590.05,7526032
18/03/2025,1597.65,1612.9,1582.35,1609.35,6298054
19/03/2025,1603,1603,1572.8,1586.55,7387068
20/03/2025,1592,1631.9,1592,1615.55,7186750
21/03/2025,1577.95,1603.9,1563.65,1592.55,10074677
24/03/2025,1597.95,1607.1,1572.7,1592.75,8857726
25/03/2025,1605,1636.15,1605,1628.45,9890140
26/03/2025,1626,1637.75,1595,1599.45,6651302
27/03/2025,1595.55,1619.95,1586,1603.55,9426573
28/03/2025,1590,1598.45,1560,1570.65,6799047
01/04/2025,1539.25,1547.4,1517.85,1526.5,12680733
02/04/2025,1535.2,1555.65,1535.2,1550.15,6193478
03/04/2025,1534.65,1534.65,1485.05,1496.5,10459504
04/04/2025,1460.5,1472,1448,1451.65,9590254
07/04/2025,1352,1405.9,1307,1396.75,21715252
08/04/2025,1431,1456.5,1415,1428.8,12805001
09/04/2025,1405.05,1409.45,1381.9,1403.7,8546854
11/04/2025,1411.25,1438.8,1397.05,1409.45,12567440
15/04/2025,1445.6,1447.7,1409,1426,10178530
16/04/2025,1425,1427.5,1396.8,1413.1,12022740
17/04/2025,1398,1429.8,1378.3,1419.5,14264227
21/04/2025,1410,1471.8,1410,1451,15648970
22/04/2025,1440,1440,1419.3,1422.8,9399738
23/04/2025,1446,1487.8,1439.6,1474.9,11136642
24/04/2025,1469.9,1482.9,1461.5,1471.4,7114292
25/04/2025,1475.5,1501.7,1463.5,1480.2,8329979
28/04/2025,1480.2,1489.6,1465.3,1482.1,5886253
29/04/2025,1482,1509.8,1474.1,1497.5,8056743
30/04/2025,1496.8,1508.8,1482.6,1500.1,7704183
02/05/2025,1499.7,1523.2,1496.2,1506.8,8733014
05/05/2025,1515,1523,1502.8,1508.6,4282493
06/05/2025,1506,1515.6,1499.1,1511.5,4270530
07/05/2025,1500,1518.8,1496.6,1508.3,5691799
08/05/2025,1508,1516.5,1501.2,1511.4,8424409
09/05/2025,1500.7,1511.4,1494.1,1507.6,4478653
12/05/2025,1537,1632,1532,1626.9,11372857
13/05/2025,1609,1612.2,1564.6,1568.6,12846210
14/05/2025,1574,1595,1569.5,1592.4,4870057
15/05/2025,1589.8,1618.6,1571,1613,11151167
16/05/2025,1612.6,1612.6,1581.5,1589.9,4576751
19/05/2025,1576.5,1585,1555.7,1559.8,8855798
20/05/2025,1570,1583.5,1558,1560.6,7143998
21/05/2025,1567.9,1571,1552.1,1568.5,4157309
22/05/2025,1555.5,1560.8,1540,1547.5,6158990
23/05/2025,1550,1587.2,1550,1564.8,5038421
26/05/2025,1566.6,1583.8,1562.7,1580.5,3170102
27/05/2025,1579.9,1582.9,1556.4,1570.1,7775714
28/05/2025,1581,1587.7,1570,1571.8,3623370
29/05/2025,1589,1608.9,1576.6,1585.6,8609500
30/05/2025,1571,1572,1555.1,1562.7,13148092
02/06/2025,1560,1560,1539,1553.8,4374509
03/06/2025,1559,1567.3,1535.6,1543,6853403
04/06/2025,1543,1557.3,1541.4,1551.2,4548307
05/06/2025,1547.9,1567.7,1541.6,1554.3,6948539
06/06/2025,1554.7,1568.9,1543.1,1563.8,3960020
09/06/2025,1578,1588,1571,1572.9,2903202
10/06/2025,1584,1607.5,1577.5,1596,8591925
11/06/2025,1590.1,1634.6,1590.1,1631.1,10597410
12/06/2025,1617,1628,1598.1,1608.6,10483574
13/06/2025,1576,1609,1570.2,1602,6968315
16/06/2025,1600,1634.8,1597.1,1623.8,5591842
17/06/2025,1620.7,1647.4,1615.6,1639.9,7622083
18/06/2025,1621,1644.7,1621,1632.9,5629707
19/06/2025,1623.9,1630,1611.5,1618.4,5147760
20/06/2025,1619,1630.7,1608.9,1622.9,9202821
23/06/2025,1601,1601,1575.4,1584,7943676
24/06/2025,1601,1609,1576.6,1581.6,8083992
25/06/2025,1590,1619.9,1585.1,1614.9,7813533
26/06/2025,1608.8,1624,1606.6,1616,6519233
27/06/2025,1619,1629.6,1602.4,1608,8912268
30/06/2025,1615,1615,1594.1,1601.8,6294505
01/07/2025,1609,1617.7,1600.5,1606.8,4178937
02/07/2025,1618,1649,1603.4,1610.5,8653641
03/07/2025,1618.5,1632.4,1615,1618.7,5259695
04/07/2025,1625,1643.4,1612.3,1640.7,4411273
07/07/2025,1640,1644,1623,1627,3294523
08/07/2025,1628,1646.2,1621.5,1638.7,4590681
09/07/2025,1637.8,1638,1623.6,1633.7,4580828
10/07/2025,1638.9,1638.9,1607.1,1615.8,5330179
11/07/2025,1579.1,1607.1,1563,1594.9,11391755
14/07/2025,1591.8,1591.8,1559.8,1570.3,9173426
15/07/2025,1565.1,1603.6,1564,1585.6,7614807
16/07/2025,1579,1612,1578.5,1607.9,6223491
